src_id	dst_id	relation_type	keyword	explanation
1	11	契機	農耕開始	狩猟採集から農耕社会への移行
1	17	同時代	集落の形成	縄文集落が大和政権の基盤に
1	18	文化	墓制の進化	縄文の土器文化から古墳文化へ
2	3	政策	市民による統治	ポリスの発展がアテネ民主政の基盤を作った
2	5	文化	市民社会と哲学	ポリスの発展が哲学の隆盛を生む
2	9	文化	市民社会と学問	ポリスの発展が学問の基礎を作る
3	4	契機	ペルシアの脅威	民主政アテネがペルシア戦争で中心的役割
3	7	因果	アテネとスパルタの対立	民主政アテネと寡頭政スパルタの対立
4	3	因果	勝利による自信	ペルシア戦争の勝利が民主政の全盛期をもたらす
4	12	対立	ギリシャvsペルシア	ペルシア戦争と同時代にカルタゴの脅威
5	8	同時代	師弟関係	ソクラテスの弟子がプラトン
5	45	文化	哲学の継承	ソクラテスの思想がスコラ哲学に影響
6	14	文化	法の支配	ローマ法がローマ帝国の統治を支える
6	36	文化	法と制度	ローマ法の伝統が封建制度に影響
6	51	文化	法の伝統	ローマ法の伝統がマグナ・カルタに影響
7	2	因果	ポリス間の戦争	ペロポネソス戦争がポリスの衰退を招く
7	10	契機	ギリシャの弱体化	ペロポネソス戦争後の混乱期にマケドニア台頭
8	2	文化	理想国家論	プラトンがポリス論を展開
8	9	同時代	師弟関係	プラトンの弟子がアリストテレス
8	45	文化	プラトン哲学の継承	プラトンの思想がスコラ哲学の基礎
9	10	同時代	師と王	アリストテレスがアレクサンドロスの家庭教師
9	45	文化	アリストテレス哲学の継承	アリストテレスがスコラ哲学の中心
10	4	対立	ギリシャ統一	アレクサンドロスがペルシアを征服
10	9	同時代	師弟関係	アリストテレスがアレクサンドロスの教師
10	14	対立	ヘレニズムvsローマ	アレクサンドロス後継国とローマの対立
11	17	因果	農耕による統一	稲作の普及が政治統合を促進
11	18	文化	墳墓の発展	弥生の墓制が古墳へ進化
11	23	同時代	大陸文化流入	弥生の技術が遣隋使の基礎
12	13	同時代	共和政末期	ポエニ戦争とカエサルの時代が近い
12	14	契機	カルタゴ打倒	ポエニ戦争の勝利でローマが地中海制覇
13	12	対立	ローマの拡大	カエサルが軍事指揮官としてガリア征服
13	14	因果	共和政の終焉	カエサルの独裁が帝政への道を開く
14	6	政策	帝国の統治	ローマ帝国が法体系を整備
14	15	政策	宗教弾圧から保護へ	ローマ帝国がキリスト教を迫害後に公認
14	19	対立	帝国vs部族	ローマ帝国とゲルマン諸部族の対立
14	20	契機	東西ローマ分裂	ローマ帝国分裂後にビザンツ帝国が東を継承
14	21	契機	西ローマ滅亡	ローマ帝国滅亡後にフランク王国が台頭
14	36	契機	中央権力の崩壊	ローマ帝国滅亡が封建制度を生む
15	16	契機	国教化	キリスト教の拡大がコンスタンティヌスに影響
15	19	同時代	混乱期の希望	キリスト教がゲルマン人移動期に拡大
15	21	文化	キリスト教の継承	キリスト教がフランク王国に受け継がれる
15	39	契機	教会の権力拡大	キリスト教が中世ヨーロッパの中心勢力
15	40	契機	教義の対立	キリスト教の拡大が東西教会分裂の原因
16	14	政策	キリスト教公認	コンスタンティヌス帝がキリスト教を国教化
16	15	政策	宗教の制度化	コンスタンティヌス帝がキリスト教を組織化
16	39	因果	教会の制度化	コンスタンティヌスの政策が教皇権の基礎
17	18	政策	権威の象徴	古墳建造による権力誇示
17	22	因果	中央集権化	大和政権が聖徳太子の基盤
17	23	外交	国際関係構築	大和政権が遣隋使派遣
17	27	契機	改革の土台	大和政権の限界が大化の改新を誘発
18	22	文化	仏教導入	古墳文化から仏教文化への転換
18	27	契機	改革の契機	古墳時代の権力構造が改革を促す
18	32	同時代	権力構造	古墳時代と奈良時代の連続性
19	14	因果	帝国の衰退	ゲルマン人の大移動がローマ帝国を滅ぼす
19	21	因果	ゲルマン諸王国	ゲルマン人がフランク王国を建国
19	36	因果	封建制の成立	ゲルマン人社会が封建制度の基盤
20	26	対立	東方vs西方	ビザンツ帝国とイスラム帝国の対立
20	40	因果	東西対立	ビザンツ帝国が東方正教会の中心
20	50	対立	ビザンツvsモンゴル	ビザンツ帝国がモンゴル帝国に圧迫される
20	58	文化	古典文化の保存	ビザンツ帝国が古典文化をルネサンスに伝える
20	68	契機	東方貿易の知識	ビザンツ帝国が大航海時代の知識を提供
21	34	政策	帝国の再興	フランク王国がカール大帝で最盛期
21	63	契機	フランス王国の基礎	フランク王国がフランス王国の起源
22	23	外交	小野妹子派遣	遣隋使で大陸文化導入
22	24	政策	能力主義導入	冠位十二階で官僚制度確立
22	25	政策	政治理念確立	憲法十七条で中央集権思想
22	27	契機	中央集権の源流	聖徳太子の思想が大化の改新に
22	32	文化	仏教振興の基盤	奈良時代の仏教文化の礎
23	27	契機	大陸制度導入	隋の制度が大化の改新に影響
23	28	外交	外交関係悪化	遣隋使停止が白村江へ
23	30	因果	律令制の学習	隋の律令を学び大宝律令へ
23	32	文化	仏教文化導入	奈良時代の文化基盤
24	25	同時代	制度整備	冠位と憲法で政治体制構築
24	27	契機	官僚制の確立	冠位制度が大化の改新の基礎
24	30	因果	律令制への道	冠位制度が大宝律令に発展
25	27	契機	中央集権思想	憲法の理念が大化の改新に
25	30	因果	法治国家への道	憲法十七条が律令制の基礎
25	32	文化	政治理念	奈良時代の政治思想の源流
26	33	対立	イスラムvsキリスト	イスラム支配下のスペインをレコンキスタで奪還
26	44	契機	イスラムの脅威	イスラム帝国拡大が十字軍の理由
26	68	契機	東方への憧れ	イスラム帝国の繁栄が大航海時代の動機
27	28	契機	外敵への危機感	改革が軍事強化を促進
27	29	因果	権力闘争激化	改革の混乱が壬申の乱へ
27	30	因果	律令制確立	大化の改新が大宝律令に結実
27	31	政策	都城建設	中央集権化で平城京建設
27	32	因果	奈良時代の基礎	改革が奈良時代を準備
28	29	契機	防衛体制強化	敗戦が国内権力闘争を誘発
28	30	契機	律令制確立の急務	外敵脅威が制度整備を促進
28	31	契機	防衛都市建設	白村江敗戦が平城京建設を促進
29	30	因果	律令制の確立	内乱終結後に大宝律令制定
29	31	因果	新都建設	天武天皇が平城京建設計画
29	32	因果	奈良時代の始まり	壬申の乱が奈良時代を準備
30	31	政策	律令国家の都	律令制に基づく平城京建設
30	32	因果	奈良時代の基盤	大宝律令が奈良時代を確立
30	35	同時代	律令制の継続	平安京でも律令制維持
30	38	契機	制度の限界	律令制の形骸化が摂関政治へ
31	32	因果	奈良時代の中心	平城京が奈良時代の都
31	35	契機	遷都	平城京から平安京へ
31	38	同時代	都市構造	都城制が摂関政治の舞台
32	35	契機	政治刷新	奈良の仏教政治から平安京へ
32	38	因果	貴族政治の基礎	奈良時代が摂関政治を準備
32	43	同時代	政治構造	奈良の律令制が院政の基盤
33	44	同時代	キリスト教世界の防衛	レコンキスタと十字軍は同じ聖戦
33	68	契機	海洋進出の準備	レコンキスタ完了後にスペインが大航海時代へ
33	82	同時代	カトリックの拡大	レコンキスタとイエズス会の布教は同じ精神
34	21	政策	帝国統一	カール大帝がフランク王国を拡大
34	36	政策	封建制の確立	カール大帝の分裂後に封建制度が発展
34	39	政策	教皇との協力	カール大帝が教皇から戴冠
34	77	文化	中央集権の萌芽	カール大帝の統治が絶対王政の先駆
35	38	因果	摂関政治の舞台	平安京で藤原氏が台頭
35	43	同時代	院政の開始	平安京で院政が展開
35	46	同時代	武士の台頭	平安京で平清盛が権力掌握
36	37	政策	農業経済	封建制度が荘園制を生む
36	63	契機	封建領主の対立	封建制度が英仏の領土争いを生む
37	64	契機	農村の崩壊	荘園制下の農村がペストで大打撃
37	77	契機	中央集権化の必要	荘園制の崩壊が中央集権を促進
38	43	契機	天皇権威の回復	摂関政治への反発が院政を生む
38	46	対立	貴族vs武士	摂関政治の弱体化で平清盛台頭
38	47	契機	武家政権誕生	摂関政治の限界が鎌倉幕府へ
39	42	対立	教皇vs皇帝	教皇権拡大と皇帝権の対立がカノッサの屈辱
39	44	契機	聖地奪還	教皇権の拡大が十字軍を引き起こす
39	66	契機	教皇権の対立	教皇権拡大が教会分裂を引き起こす
39	77	対立	教皇権vs王権	教皇権との対立が王権強化を促す
39	80	契機	教会腐敗への反発	教皇権の腐敗が宗教改革を生む
40	39	因果	教会の分裂	東西教会分裂が教皇権の限界を示す
41	51	契機	王権の制限	ノルマン征服後の王権強化への反発
41	52	因果	ノルマン朝の専制	ノルマン征服後の王権強化が人権文書を生む
41	63	契機	イングランドの成立	ノルマン征服が百年戦争の遠因
42	39	因果	教皇権の頂点	カノッサの屈辱が教皇権の絶頂期を示す
43	46	因果	武士の登用	院政が平清盛を重用
43	47	契機	武家政権への道	院政の混乱が源頼朝を生む
43	57	同時代	皇権回復の試み	院政と後醍醐天皇の連続性
44	20	契機	ビザンツの救援要請	ビザンツ帝国の要請で十字軍開始
44	26	対立	十字軍vsイスラム	十字軍がイスラム帝国と戦う
44	39	因果	教皇の権威失墜	十字軍の失敗が教皇権の衰退を招く
44	58	文化	東方文化の流入	十字軍が東方文化をもたらしルネサンス準備
44	67	同時代	宗教戦争の時代	十字軍とジャンヌ・ダルクは宗教的動機
44	82	文化	布教の精神	十字軍の精神がイエズス会に継承
45	54	文化	神学の集大成	スコラ哲学がトマス・アクィナスで完成
45	80	契機	スコラ哲学への批判	スコラ哲学の形式主義が宗教改革の要因
46	38	対立	貴族政治との対立	武士の台頭が摂関政治を終焉
46	43	同時代	院政との癒着	平清盛が院政を利用
46	47	対立	源平合戦	平氏vs源氏の対立
46	48	契機	武家政権の先駆	平清盛の失敗が鎌倉幕府の教訓
47	46	対立	源平合戦の勝者	平清盛を倒して政権樹立
47	48	因果	鎌倉幕府樹立	源頼朝が鎌倉幕府を開く
47	49	因果	執権政治の基盤	源氏将軍断絶で執権政治へ
47	53	契機	朝廷vs幕府	鎌倉幕府が承久の乱で勝利
47	55	政策	武家法の制定	御成敗式目の基礎を築く
48	49	因果	執権政治へ移行	将軍の権威失墜で執権が実権
48	53	因果	朝廷との対立	承久の乱で幕府が勝利
48	55	政策	御成敗式目制定	武家法の整備
48	56	因果	元寇への対応	幕府の防衛体制
48	57	対立	倒幕運動	後醍醐天皇が鎌倉幕府を倒す
49	53	因果	幕府権力確立	承久の乱で執権政治が確立
49	55	政策	武家法整備	執権北条氏が御成敗式目制定
49	56	因果	防衛体制	元寇で執権政治が試される
50	20	因果	ビザンツ衰退	モンゴル帝国の圧力でビザンツ弱体化
50	26	対立	東方の脅威	モンゴル帝国がイスラム帝国を圧迫
50	64	契機	疫病の媒介	モンゴル帝国がペストをヨーロッパに運ぶ
50	68	契機	陸路の遮断	モンゴル帝国衰退後に海路開拓が必要に
50	91	同時代	東西の大帝国	モンゴル帝国と三十年戦争は時代的に近い
51	41	因果	王権への制限	ノルマン征服後の強権への反発がマグナ・カルタ
51	63	契機	王権と貴族の対立	マグナ・カルタが百年戦争の背景
51	77	対立	貴族vs王権	マグナ・カルタの精神と絶対王政は対立
52	157	契機	人権思想の源流	マグナカルタが近代民主化運動の基礎に
52	209	同時代	英国の主権	マグナカルタからBrexitまでの主権意識
53	49	因果	執権政治確立	乱の後に北条氏が権力掌握
53	56	契機	幕府権力強化	承久の乱勝利で幕府が安定
53	57	契機	皇権回復の野望	承久の乱の失敗が後醍醐天皇の動機
53	60	契機	倒幕への教訓	承久の失敗が建武の新政へ
54	45	文化	哲学と神学の統合	トマス・アクィナスがスコラ哲学を体系化
54	58	文化	神学から人文学へ	トマス・アクィナスの理性論がルネサンスに影響
55	53	同時代	武家法の確立	御成敗式目が幕府の正統性を支える
55	62	同時代	武家法の継承	室町幕府も御成敗式目を踏襲
55	89	同時代	武家法の完成	江戸幕府の法制の基礎
56	57	契機	幕府の弱体化	元寇対応の失敗が倒幕運動を誘発
56	60	契機	政治変革の機運	元寇後の混乱が建武の新政へ
56	73	同時代	武士の自立	元寇経験が戦国武士の基礎
57	48	対立	鎌倉幕府打倒	後醍醐天皇が倒幕成功
57	59	対立	武士との対立	足利尊氏が後醍醐天皇に反旗
57	60	因果	建武の新政	後醍醐天皇が親政を開始
57	61	因果	南北朝分裂	後醍醐天皇が南朝を樹立
58	70	同時代	万能人	ルネサンスでレオナルドが活躍
58	74	同時代	芸術の巨匠	ルネサンスでミケランジェロが活躍
58	80	契機	教会批判の芽生え	ルネサンスの人文主義が宗教改革を準備
58	85	契機	人間中心主義	ルネサンスの人文主義が科学革命を準備
58	87	文化	人文主義と科学	ルネサンスの精神がガリレオに影響
59	57	対立	後醍醐天皇との対立	尊氏が新政に反旗
59	61	因果	南北朝時代	足利尊氏が北朝を擁立
59	62	因果	室町幕府樹立	足利尊氏が幕府を開く
59	65	同時代	足利将軍家	足利義満が尊氏の遺志を継ぐ
60	59	契機	武士の反発	建武の新政の失敗で足利尊氏台頭
60	61	因果	南北朝分裂	新政崩壊が南北朝時代を生む
60	62	契機	室町幕府成立	新政の失敗が室町幕府へ
61	62	同時代	分裂政権	南北朝と室町幕府の並立
61	65	因果	南北朝統一	足利義満が南北朝を統一
61	72	契機	権力闘争の継続	南北朝の混乱が応仁の乱へ
62	55	同時代	武家法の継承	御成敗式目を基盤とする
62	65	因果	全盛期	足利義満が室町幕府を確立
62	72	因果	応仁の乱	幕府の弱体化が応仁の乱を招く
62	73	因果	戦国時代へ	室町幕府の崩壊が戦国時代を生む
62	81	契機	統一への道	幕府の混乱が織田信長を生む
63	64	同時代	疫病と戦争	百年戦争中にペスト流行
63	67	同時代	英仏対立	百年戦争でジャンヌ・ダルク活躍
63	77	契機	王権の強化	百年戦争後に中央集権化が進む
64	36	因果	封建制の動揺	黒死病が封建制度を揺るがす
64	37	因果	労働力不足	ペストが荘園制を崩壊させる
64	58	契機	中世の終焉	ペストが中世社会を崩壊させルネサンスへ
64	63	契機	社会混乱	ペストが社会不安を増大し戦争へ
64	80	契機	教会権威の失墜	ペストが教会の無力さを露呈し宗教改革へ
64	210	同時代	パンデミック	黒死病とCOVID-19のパンデミックの類似性
65	61	因果	南北朝統一	義満が南北朝を統一
65	72	契機	権力闘争	義満死後の混乱が応仁の乱へ
65	73	同時代	文化的繁栄	義満の時代が戦国文化の基礎
66	39	因果	教会の分裂	教会分裂が教皇権を弱体化
66	80	契機	教会不信	教会分裂が宗教改革の遠因
67	63	契機	フランスの勝利	ジャンヌ・ダルクが百年戦争の転機
68	69	同時代	新大陸発見	大航海時代にコロンブスがアメリカ発見
68	71	同時代	インド航路発見	大航海時代にヴァスコ・ダ・ガマがインド到達
68	75	同時代	世界周航	大航海時代にマゼランが世界一周
68	77	契機	海外領土の獲得	大航海時代が絶対王政の富を増やす
68	78	契機	植民地経営	大航海時代が重商主義を生む
68	112	契機	植民地の独立	大航海時代の植民地がアメリカ独立
69	68	同時代	新大陸発見	コロンブスが大航海時代の象徴
70	74	同時代	ルネサンス芸術家	レオナルドとミケランジェロは同時代
70	85	文化	芸術と科学の融合	レオナルド・ダ・ヴィンチが科学革命に先駆
71	68	同時代	東方航路	ヴァスコ・ダ・ガマが大航海時代の象徴
72	62	因果	幕府の弱体化	応仁の乱で室町幕府が崩壊
72	73	因果	戦国時代の始まり	応仁の乱が戦国時代を招く
72	81	契機	下剋上の時代	応仁の乱が織田信長を生む
72	83	契機	統一への機運	混乱が豊臣秀吉の統一を促す
72	84	契機	天下統一	戦国の混乱が徳川家康の統一へ
73	81	因果	織田信長の台頭	戦国時代に信長が登場
73	83	因果	豊臣秀吉の統一	戦国時代を秀吉が統一
73	84	因果	徳川家康の統一	戦国時代を家康が終結
73	88	因果	関ヶ原の戦い	戦国の遺恨が関ヶ原へ
74	58	文化	芸術の開花	ミケランジェロがルネサンス芸術を代表
75	68	同時代	世界一周	マゼランが大航海時代の象徴
76	80	契機	改革の開始	ルターが宗教改革の口火を切る
76	86	対立	プロテスタントvsカトリック	ルターの改革に対抗宗教改革が対抗
76	87	対立	宗教vs科学	ルターの宗教改革とガリレオの科学は緊張関係
77	78	政策	経済政策	絶対王政が重商主義を推進
77	91	契機	王権の拡大	絶対王政の対立が三十年戦争の一因
77	94	同時代	フランス絶対王政	絶対王政でルイ14世が典型
77	114	対立	絶対王政への反発	絶対王政がフランス革命を引き起こす
78	68	政策	植民地獲得競争	重商主義が大航海時代を加速
78	77	政策	絶対王政の経済政策	重商主義が絶対王政を支える
78	109	契機	資本蓄積	重商主義が産業革命の資本を準備
79	80	契機	改革の拡大	カルヴァンが宗教改革を深化
79	86	対立	カルヴァン派vsカトリック	カルヴァン派に対抗宗教改革が対抗
80	76	契機	95ヶ条の論題	宗教改革でマルティン・ルターが先駆
80	77	契機	王権の強化	宗教改革後に王権が教皇権に勝利
80	79	同時代	プロテスタント諸派	宗教改革でカルヴァンも活躍
80	82	対立	新教vs旧教	宗教改革に対しイエズス会が対抗
80	86	対立	新旧教会の対立	宗教改革と対抗宗教改革は対立関係
80	91	契機	宗教対立の激化	宗教改革が三十年戦争を引き起こす
80	112	文化	プロテスタント精神	宗教改革の自由の精神がアメリカ独立に影響
81	73	因果	戦国統一の始まり	信長が戦国統一を開始
81	83	因果	秀吉の継承	信長死後に秀吉が統一
81	84	同時代	三英傑	信長・秀吉・家康の三者
81	88	契機	天下統一の基盤	信長の業績が関ヶ原へ
81	89	契機	江戸幕府の基礎	信長の政策が江戸幕府へ
82	68	同時代	海外布教	イエズス会が大航海時代に布教活動
82	80	対立	カトリックの反撃	イエズス会が宗教改革に対抗
82	86	政策	イエズス会の活動	イエズス会が対抗宗教改革の中心
83	81	因果	信長の継承	秀吉が信長の遺志を継ぐ
83	84	対立	秀吉vs家康	秀吉死後に家康が台頭
83	88	契機	関ヶ原の遠因	秀吉の死が関ヶ原を招く
83	89	契機	江戸幕府の基盤	秀吉の統一が家康の基礎
83	96	政策	鎖国の先駆	秀吉のキリスト教政策が鎖国へ
84	83	対立	秀吉との対立	秀吉死後に家康が天下取り
84	88	因果	関ヶ原の戦い	家康が関ヶ原で勝利
84	89	因果	江戸幕府樹立	家康が江戸幕府を開く
84	90	政策	幕藩体制確立	家康が幕藩体制を構築
84	96	政策	鎖国政策の基盤	家康の外交政策が鎖国へ
85	77	契機	合理的統治	科学革命が絶対王政の官僚制を支える
85	87	文化	天文学革命	科学革命でガリレオが地動説支持
85	97	文化	物理学革命	科学革命でニュートンが法則発見
85	100	契機	理性の重視	科学革命が啓蒙思想を生む
85	109	契機	技術革新	科学革命が産業革命の基礎を作る
86	80	対立	旧教の反撃	対抗宗教改革が宗教改革に対抗
86	82	政策	カトリック側の対応	対抗宗教改革でイエズス会が活動
87	80	対立	科学vs宗教	ガリレオが教会と対立し宗教改革に影響
87	85	文化	天文学の革新	ガリレオが科学革命を推進
88	84	因果	家康の勝利	家康が関ヶ原で天下統一
88	89	因果	江戸幕府成立	関ヶ原の勝利で江戸幕府樹立
88	90	因果	幕藩体制確立	関ヶ原後に幕藩体制構築
88	92	政策	大名統制	関ヶ原後に参勤交代制度
88	96	政策	外交統制	関ヶ原後に鎖国政策へ
89	90	政策	幕藩体制	江戸幕府が幕藩体制を確立
89	92	政策	参勤交代	江戸幕府が大名統制
89	96	政策	鎖国	江戸幕府が鎖国政策実施
89	133	契機	ペリー来航	幕府の危機
89	144	因果	大政奉還	江戸幕府の終焉
90	92	政策	大名統制	幕藩体制の一環として参勤交代
90	96	政策	外交統制	幕藩体制の一環として鎖国
90	144	因果	体制崩壊	幕藩体制の限界が大政奉還へ
91	76	契機	宗教対立	ルターの改革が三十年戦争の遠因
91	77	因果	国家主権の確立	三十年戦争が絶対王政を強化
91	80	因果	宗教対立の激化	宗教改革の対立が三十年戦争を引き起こす
91	86	契機	宗教戦争	対抗宗教改革の対立が三十年戦争へ
91	99	因果	宗教戦争の終結	三十年戦争後にウェストファリア条約
92	106	契機	財政悪化	参勤交代の負担が享保の改革を促す
92	113	契機	幕府財政	参勤交代が寛政の改革の背景
92	124	契機	改革の必要性	参勤交代が天保の改革を促す
93	89	同時代	幕府の危機	島原の乱が江戸幕府の統制を促す
93	96	因果	鎖国強化	島原の乱後に鎖国が徹底
93	98	契機	政治引き締め	島原の乱が幕府の宗教政策を強化
94	77	同時代	絶対王政の典型	ルイ14世が絶対王政の象徴
94	95	同時代	太陽王の異名	ルイ14世は太陽王と呼ばれた
94	114	対立	王の贅沢	ルイ14世の浪費がフランス革命の遠因
95	94	同時代	同一人物	太陽王はルイ14世の異名
96	93	因果	島原の乱	キリスト教禁止が島原の乱を招く
96	131	契機	尊王攘夷	鎖国の崩壊が尊王攘夷運動を生む
96	133	対立	ペリー来航	鎖国政策に対する外圧
96	134	対立	黒船の衝撃	鎖国の終焉
96	136	因果	開国	鎖国から日米和親条約へ
97	85	文化	物理学の確立	ニュートンが科学革命を完成
98	101	対立	改革の必要性	綱吉の失政が吉宗の改革へ
98	102	政策	生類憐みの令	綱吉が生類憐みの令を発布
98	106	契機	財政悪化	綱吉の政策が享保の改革を促す
99	77	契機	主権国家体制	ウェストファリア条約が絶対王政を強化
99	91	因果	戦争終結	ウェストファリア条約で三十年戦争終結
100	103	文化	三権分立論	啓蒙思想でモンテスキューが三権分立
100	104	文化	寛容の精神	啓蒙思想でヴォルテールが宗教批判
100	105	文化	社会契約論	啓蒙思想でルソーが社会契約論
100	109	契機	合理的思考	啓蒙思想が産業革命を思想的に支える
100	112	契機	民主主義思想	啓蒙思想がアメリカ独立革命に影響
100	114	契機	自由・平等思想	啓蒙思想がフランス革命に影響
100	133	文化	啓蒙思想の影響	啓蒙思想の自由・平等の理念が開国要求の背景に
101	106	因果	享保の改革	吉宗が享保の改革を実施
101	107	契機	次世代の政治	吉宗後に田沼意次が台頭
101	113	契機	改革の継承	吉宗の改革が寛政の改革へ
102	98	因果	綱吉の政策	綱吉が生類憐みの令を発布
102	101	契機	改革者の登場	吉宗が綱吉の政策を転換
102	106	契機	政策転換	生類憐みの令の反発が享保の改革へ
103	100	文化	政治思想	モンテスキューが啓蒙思想を代表
103	112	文化	三権分立	モンテスキューがアメリカ建国に影響
104	100	文化	批判精神	ヴォルテールが啓蒙思想を代表
105	100	文化	社会思想	ルソーが啓蒙思想を代表
105	114	文化	社会契約論	ルソーがフランス革命に影響
106	101	因果	徳川吉宗	吉宗が享保の改革を実施
106	107	契機	次の改革へ	享保の改革後に田沼意次登場
106	113	同時代	三大改革	享保・寛政・天保の改革
106	124	同時代	改革の連続性	享保の改革が天保の改革の先例
107	108	対立	松平定信の改革	田沼失脚で定信が台頭
107	113	契機	政策転換	田沼政治への反発が寛政の改革へ
107	118	同時代	経済発展	田沼時代に化政文化が発展
108	113	因果	寛政の改革	定信が寛政の改革を実施
108	115	同時代	改革者の系譜	定信と水野忠邦の改革
108	118	対立	文化統制	定信の統制に対する庶民文化の反発
109	111	文化	技術革新	産業革命で蒸気機関が発明される
109	116	因果	経済構造の変化	産業革命が資本主義の発展を生む
109	134	文化	蒸気機関の技術	産業革命の技術的成果である蒸気船が黒船として来航
109	142	契機	工業化の波及	産業革命がアメリカにも波及し南北戦争後加速
109	151	契機	工業力の拡大	産業革命が帝国主義を支える
109	204	同時代	技術革新	産業革命とIT革命の技術変革の共通性
110	114	対立	革命の理念vs独裁	ナポレオンがフランス革命の理念を裏切る
110	117	契機	ナポレオンの野望	ナポレオンがヨーロッパ征服戦争
110	120	対立	ナポレオンvs保守勢力	ナポレオンがウィーン会議で否定される
111	109	文化	動力革命	蒸気機関が産業革命を象徴
111	151	契機	輸送革命	蒸気機関が帝国主義の軍事・交通を支える
112	114	契機	革命の連鎖	アメリカ独立革命がフランス革命に影響
112	116	契機	自由主義経済	アメリカ独立が資本主義を促進
113	106	同時代	改革の連続性	享保・寛政・天保の改革
113	108	因果	松平定信	定信が寛政の改革を実施
113	118	同時代	文化統制	寛政の改革が化政文化を抑圧
113	124	同時代	三大改革	寛政の改革が天保の改革の先例
114	110	因果	革命の英雄	フランス革命の混乱でナポレオン台頭
114	116	契機	ブルジョワ革命	フランス革命が資本主義を促進
115	108	同時代	改革者の系譜	松平定信と水野忠邦
115	124	因果	天保の改革	忠邦が天保の改革を実施
115	133	契機	改革失敗	忠邦失脚後にペリー来航
116	123	契機	労働者問題	資本主義の矛盾をマルクスが批判
116	151	契機	市場拡大の必要	資本主義が帝国主義を生む
117	110	契機	ナポレオンの拡大	ナポレオンがナポレオン戦争を起こす
117	120	因果	戦後処理	ナポレオン戦争後にウィーン会議
117	141	契機	ナポレオン支配への反発	ナポレオン戦争がイタリア民族意識を高める
117	153	契機	ナポレオン支配への反発	ナポレオン戦争がドイツ民族意識を高める
118	113	対立	改革vs文化	化政文化が寛政の改革に反発
118	124	契機	文化統制	化政文化の繁栄が天保の改革を促す
118	133	同時代	開国前夜	化政文化がペリー来航前の繁栄
119	116	政策	自由労働力	リンカーンの奴隷解放が資本主義を促進
119	142	政策	奴隷解放	リンカーンが南北戦争で奴隷解放
120	114	対立	保守反動	ウィーン会議がフランス革命を否定
120	129	因果	反動体制への反発	ウィーン会議の保守反動が二月革命を招く
120	130	因果	反動体制の確立	ウィーン会議がウィーン体制を作る
120	203	同時代	ヨーロッパ統合の系譜	ウィーン会議からEU発足までの統合の歴史
121	131	対立	尊王攘夷vs幕府	井伊が尊王攘夷派を弾圧
121	138	因果	条約調印	井伊が日米修好通商条約調印
121	139	因果	安政の大獄	井伊が反対派を弾圧
121	140	因果	桜田門外の変	井伊が暗殺される
121	143	契機	倒幕運動	井伊の死後に薩長同盟へ
122	141	同時代	統一政策	ビスマルクとイタリア統一は同時代
122	151	政策	植民地政策	ビスマルクが帝国主義政策を推進
122	153	政策	鉄血政策	ビスマルクがドイツ統一を実現
123	116	対立	社会主義vs資本主義	マルクスが資本主義を批判
123	128	文化	社会主義思想	マルクスが共産党宣言を発表
123	171	契機	社会主義思想	マルクス思想がロシア革命に影響
124	106	同時代	三大改革	享保・寛政・天保の改革
124	115	因果	水野忠邦	忠邦が天保の改革を実施
124	131	契機	幕府の弱体化	天保の改革失敗が尊王攘夷運動へ
124	133	契機	外圧への対応	天保の改革の失敗がペリー来航の危機へ
125	143	因果	薩長同盟仲介	龍馬が薩長同盟を仲介
125	144	契機	大政奉還の提案	龍馬が大政奉還を提案
125	147	契機	明治維新の準備	龍馬が明治維新を準備
126	132	因果	清朝の弱体化	アヘン戦争敗北が大規模反乱を招く
126	133	契機	アジア進出の波	アヘン戦争での欧米勝利がアジア進出を加速、ペリー来航へ
126	151	同時代	アジア侵略	アヘン戦争も帝国主義の一環
126	167	因果	列強の侵略	アヘン戦争後の半植民地化が革命の背景に
126	169	契機	アジア対立	アヘン戦争が列強対立の始まり
127	157	対立	民権派との対立	伊藤が自由民権運動と対立
127	159	因果	憲法起草	伊藤が大日本帝国憲法を起草
127	161	因果	初代首相	伊藤が初代内閣総理大臣
127	166	因果	韓国併合	伊藤が韓国統監として韓国併合を推進
128	116	対立	革命の呼びかけ	共産党宣言が資本主義打倒を訴える
128	171	契機	革命の理論	共産党宣言がロシア革命の理論的基礎
129	120	因果	ウィーン体制の崩壊	二月革命でウィーン体制が崩れる
129	141	契機	民族運動の高揚	二月革命がイタリア統一を促進
129	153	契機	民族運動の高揚	二月革命がドイツ統一を促進
130	120	因果	体制の崩壊	ウィーン体制崩壊はウィーン会議の否定
130	129	同時代	自由主義革命	ウィーン体制崩壊と二月革命は同じ
130	141	因果	自由主義の波及	ウィーン体制崩壊でイタリア統一加速
130	153	因果	自由主義の波及	ウィーン体制崩壊でドイツ統一加速
131	125	同時代	坂本龍馬の活動	龍馬が尊王攘夷派を調整
131	143	因果	薩長同盟	尊王攘夷派が薩長同盟を結成
131	144	契機	大政奉還	尊王攘夷運動が大政奉還を促す
131	145	因果	王政復古	尊王攘夷が王政復古の大号令へ
131	146	因果	戊辰戦争	尊王攘夷派が戊辰戦争を戦う
132	167	契機	清朝崩壊への道	太平天国の乱が清朝の弱体化を加速
133	121	契機	井伊直弼の登場	ペリー来航の混乱で井伊が台頭
133	131	契機	尊王攘夷運動	ペリー来航が尊王攘夷を激化
133	134	同時代	黒船	ペリーが黒船で来航
133	136	因果	日米和親条約	ペリー来航で開国
133	138	因果	不平等条約	ペリー来航が日米修好通商条約へ
134	131	契機	攘夷運動	黒船が尊王攘夷運動を激化
134	133	同時代	ペリー来航	黒船でペリーが来航
134	136	因果	開国	黒船の圧力で日米和親条約
135	120	契機	ウィーン体制の限界	クリミア戦争がウィーン体制を動揺させる
135	151	同時代	領土拡大競争	クリミア戦争も帝国主義時代の戦争
135	169	契機	バルカン問題	クリミア戦争が第一次世界大戦の遠因
136	96	因果	鎖国の終焉	日米和親条約で鎖国が終わる
136	121	契機	井伊直弼の台頭	条約締結で井伊が権力掌握
136	131	契機	尊王攘夷激化	開国が尊王攘夷運動を激化
136	138	因果	不平等条約	日米和親条約から修好通商条約へ
137	168	因果	大正デモクラシー	原敬が大正デモクラシーを主導
137	177	因果	普通選挙法	原敬が普通選挙法を推進
137	181	契機	五・一五事件	原敬暗殺が五・一五事件の先駆
138	121	因果	井伊直弼の調印	井伊が勅許なしで条約調印
138	131	契機	尊王攘夷激化	不平等条約が尊王攘夷を激化
138	139	因果	安政の大獄	条約調印への反発が大獄を招く
138	147	契機	明治維新の遠因	不平等条約が明治維新の動機
139	121	因果	井伊の弾圧	井伊が安政の大獄を実施
139	131	契機	尊王攘夷激化	大獄が尊王攘夷運動を激化
139	140	因果	桜田門外の変	大獄への復讐で井伊暗殺
139	143	契機	倒幕への転換	大獄が薩長同盟を促す
140	121	因果	井伊の暗殺	井伊が桜田門外の変で暗殺
140	131	契機	尊王攘夷の高揚	井伊暗殺で尊王攘夷が激化
140	143	契機	倒幕運動加速	幕府の威信失墜で薩長同盟へ
140	144	契機	幕府の弱体化	桜田門外の変が大政奉還を促す
141	130	契機	民族主義の高揚	ウィーン体制崩壊でイタリア統一運動
141	151	契機	統一後の拡大	イタリア統一後に帝国主義へ
141	153	同時代	統一運動	イタリアとドイツの統一は同時期
142	116	契機	資本主義の拡大	南北戦争後にアメリカ資本主義が発展
142	119	文化	戦時大統領	南北戦争でリンカーンがアメリカを統率
142	151	契機	アメリカの台頭	南北戦争後にアメリカが帝国主義へ
143	125	因果	坂本龍馬の仲介	龍馬が薩長同盟を仲介
143	144	因果	大政奉還	薩長同盟が大政奉還を促す
143	145	因果	王政復古	薩長同盟が王政復古の大号令へ
143	146	因果	戊辰戦争	薩長同盟が戊辰戦争を主導
143	147	因果	明治維新	薩長同盟が明治維新を実現
144	89	因果	江戸幕府の終焉	大政奉還で江戸幕府が終わる
144	125	因果	龍馬の提案	龍馬が大政奉還を提案
144	145	因果	王政復古の大号令	大政奉還後に王政復古
144	146	因果	戊辰戦争	大政奉還が戊辰戦争を招く
144	147	因果	明治維新	大政奉還が明治維新の始まり
145	144	因果	大政奉還後	大政奉還後に王政復古
145	146	因果	戊辰戦争	王政復古の大号令が戊辰戦争を招く
145	147	因果	明治維新	王政復古の大号令が明治維新へ
145	152	因果	中央集権化	王政復古が廃藩置県へ
146	147	因果	明治維新	戊辰戦争の勝利で明治維新実現
146	148	契機	富国強兵	戊辰戦争の経験が富国強兵へ
146	152	因果	廃藩置県	戊辰戦争後に廃藩置県
146	155	契機	徴兵令	戊辰戦争の経験が徴兵令へ
147	148	政策	富国強兵	明治維新で富国強兵推進
147	149	政策	殖産興業	明治維新で殖産興業推進
147	150	因果	版籍奉還	明治維新で版籍奉還実施
147	152	因果	廃藩置県	明治維新で廃藩置県実施
147	157	契機	自由民権運動	明治維新後に自由民権運動
148	149	同時代	経済と軍事	富国強兵と殖産興業
148	154	政策	学制	富国強兵のため学制実施
148	155	政策	徴兵令	富国強兵のため徴兵令実施
148	162	因果	日清戦争	富国強兵の成果
148	164	因果	日露戦争	富国強兵の成果
149	148	同時代	富国強兵	殖産興業と富国強兵
149	154	政策	学制	殖産興業のため学制実施
149	156	因果	地租改正	殖産興業のため地租改正
149	196	因果	高度経済成長	殖産興業が高度経済成長の基礎
150	147	因果	明治維新	明治維新で版籍奉還実施
150	148	契機	中央集権化	版籍奉還が富国強兵の基盤
150	152	因果	廃藩置県	版籍奉還が廃藩置県の前段階
151	109	契機	産業力の拡大	産業革命が帝国主義を生む
151	158	政策	植民地獲得競争	帝国主義がアフリカ分割を引き起こす
151	169	契機	帝国主義対立の激化	帝国主義が第一次世界大戦を招く
151	170	契機	帝国主義対立の爆発	帝国主義列強の対立がサラエボ事件を引き起こす
152	147	因果	明治維新	明治維新で廃藩置県実施
152	148	因果	富国強兵	廃藩置県が富国強兵を可能に
152	150	同時代	中央集権化	版籍奉還と廃藩置県
152	156	因果	地租改正	廃藩置県が地租改正を促す
153	130	契機	民族主義の高揚	ウィーン体制崩壊でドイツ統一運動
153	151	契機	統一後の拡大	ドイツ統一後に帝国主義へ
154	148	因果	富国強兵	学制が富国強兵を支える
154	155	同時代	制度整備	学制と徴兵令
154	157	契機	教育と民権	学制が自由民権運動を促す
155	148	因果	富国強兵	徴兵令が富国強兵を実現
155	162	因果	日清戦争	徴兵令が日清戦争を可能に
155	164	因果	日露戦争	徴兵令が日露戦争を可能に
155	185	因果	太平洋戦争	徴兵令が太平洋戦争へ
156	148	因果	富国強兵	地租改正が富国強兵を支える
156	149	因果	殖産興業	地租改正が殖産興業を支える
156	157	契機	自由民権運動	地租改正への不満が民権運動へ
157	127	対立	伊藤博文	民権派vs伊藤博文
157	147	因果	明治維新の反動	明治維新後に自由民権運動
157	159	因果	大日本帝国憲法	自由民権運動が憲法制定を促す
157	161	因果	帝国議会	自由民権運動が議会開設を実現
157	168	同時代	民主化の流れ	自由民権運動が大正デモクラシーへ
158	126	同時代	植民地獲得競争	アフリカ分割とアヘン戦争は同じ帝国主義
158	169	契機	植民地対立	アフリカ分割が第一次世界大戦の遠因
159	127	因果	伊藤博文	伊藤が憲法を起草
159	157	因果	自由民権運動	民権運動が憲法制定を促す
159	161	因果	帝国議会	憲法で帝国議会を設置
159	193	対立	日本国憲法	大日本帝国憲法から日本国憲法へ
160	173	契機	独裁者の登場	ヒトラーがファシズム台頭の象徴
160	182	同時代	ナチス指導者	ヒトラーがナチス・ドイツを率いる
160	185	契機	ドイツの侵略	ヒトラーが第二次世界大戦を開始
161	127	因果	伊藤博文	伊藤が帝国議会を設置
161	159	因果	憲法に基づく	大日本帝国憲法で帝国議会設置
161	168	同時代	議会政治	帝国議会が大正デモクラシーの基盤
162	148	因果	富国強兵の成果	富国強兵が日清戦争を可能に
162	163	因果	下関条約	日清戦争の勝利で下関条約
162	164	契機	日露戦争	日清戦争の勝利が日露戦争へ
162	166	契機	韓国併合	日清戦争が韓国併合の契機
162	169	同時代	帝国主義	日清戦争が第一次世界大戦へ
163	162	因果	日清戦争	日清戦争の勝利で下関条約
163	164	契機	日露戦争	下関条約が日露戦争の遠因
163	166	契機	韓国併合	下関条約が韓国併合を促す
164	148	因果	富国強兵の成果	富国強兵が日露戦争を可能に
164	151	対立	帝国主義対立	日露戦争が帝国主義列強の対立
164	162	因果	日清戦争の延長	日清戦争が日露戦争へ
164	165	因果	ポーツマス条約	日露戦争の勝利でポーツマス条約
164	166	因果	韓国併合	日露戦争の勝利で韓国併合
164	169	契機	第一次世界大戦	日露戦争が第一次世界大戦へ
165	164	因果	日露戦争	日露戦争の勝利でポーツマス条約
165	166	因果	韓国併合	ポーツマス条約が韓国併合を促す
165	169	契機	国際的地位	ポーツマス条約が第一次世界大戦参戦へ
166	164	因果	日露戦争	日露戦争の勝利で韓国併合
166	169	同時代	帝国主義	韓国併合と第一次世界大戦
166	180	契機	満州事変	韓国併合が満州事変の基盤
166	184	契機	日中戦争	韓国併合が日中戦争の遠因
167	184	因果	中国の混乱	辛亥革命後の政治混乱が日中戦争の背景に
167	205	同時代	中国の変遷	辛亥革命から香港返還までの中国の変化
168	137	因果	原敬	原敬が大正デモクラシーを主導
168	157	同時代	民主化の流れ	自由民権運動から大正デモクラシーへ
168	169	因果	第一次世界大戦	第一次世界大戦が大正デモクラシーを促進
168	177	因果	普通選挙法	大正デモクラシーで普通選挙法
168	178	対立	治安維持法	大正デモクラシーと治安維持法
169	166	同時代	帝国主義	韓国併合と第一次世界大戦
169	168	因果	大正デモクラシー	第一次世界大戦が大正デモクラシーを促進
169	170	契機	戦争の引き金	サラエボ事件で第一次世界大戦開戦
169	171	契機	戦争の疲弊	第一次世界大戦がロシア革命を引き起こす
169	172	因果	戦後処理	第一次世界大戦後にヴェルサイユ条約
169	174	契機	平和への願い	第一次世界大戦の惨禍が国際連盟を生む
169	175	因果	戦後の軍縮	第一次世界大戦後の国際軍縮の試み
169	179	因果	世界恐慌	第一次世界大戦が世界恐慌の遠因
169	180	契機	満州事変	第一次世界大戦後の混乱が満州事変へ
169	185	契機	太平洋戦争	第一次世界大戦が太平洋戦争へ
170	169	契機	開戦の契機	サラエボ事件が第一次世界大戦の引き金
171	123	契機	マルクス主義の実践	ロシア革命がマルクス思想を実現
171	128	契機	社会主義革命	ロシア革命が共産党宣言を実現
171	173	契機	共産主義への恐怖	ロシア革命がファシズム台頭の一因
171	194	契機	社会主義vs資本主義	ロシア革命が冷戦の一因
172	169	外交	戦後処理	ヴェルサイユ条約で日本は戦勝国として参加
172	173	契機	民族自決の裏切り	ヴェルサイユ条約がドイツを不満にさせる
172	174	政策	国際平和機構	ヴェルサイユ条約で国際連盟設立
172	179	契機	過酷な賠償	ヴェルサイユ条約がドイツ経済を圧迫
172	185	契機	不満の蓄積	ヴェルサイユ条約が第二次世界大戦の遠因
173	160	同時代	独裁の時代	ファシズム台頭とヒトラーは同じ
173	180	契機	ファシズムの波	世界的なファシズムの台頭が満州事変を後押し
173	182	同時代	ファシズム国家	ファシズムの台頭でナチス・ドイツ成立
173	183	契機	軍部台頭	ファシズムの台頭が日本の二・二六事件に影響
173	185	契機	ファシズムの侵略	ファシズムが第二次世界大戦を引き起こす
174	185	因果	無力な平和機構	国際連盟が第二次世界大戦を防げず
174	192	契機	失敗からの教訓	国際連盟の失敗が国際連合設立の動機
175	180	因果	軍縮体制の崩壊	ワシントン体制の破綻が満州事変を招く
176	179	契機	経済混乱	関東大震災が世界恐慌の影響を拡大
176	180	契機	軍部台頭	関東大震災の混乱が満州事変へ
176	181	契機	社会不安	関東大震災が五・一五事件の背景
177	137	因果	原敬	原敬が普通選挙法を推進
177	168	因果	大正デモクラシー	大正デモクラシーで普通選挙法
177	178	同時代	治安維持法	普通選挙法と治安維持法が同時制定
177	193	契機	日本国憲法	普通選挙法が日本国憲法の基盤
178	177	対立	普通選挙法	治安維持法が普通選挙法と同時制定
178	181	因果	五・一五事件	治安維持法が五・一五事件の背景
178	183	因果	二・二六事件	治安維持法が二・二六事件の背景
178	193	対立	日本国憲法	治安維持法が日本国憲法で廃止
179	169	因果	第一次世界大戦	第一次世界大戦が世界恐慌の遠因
179	173	契機	経済危機	世界恐慌がファシズム台頭を招く
179	180	因果	満州事変	世界恐慌が満州事変を招く
179	181	契機	五・一五事件	世界恐慌が五・一五事件の背景
179	183	契機	二・二六事件	世界恐慌が二・二六事件の背景
179	184	因果	日中戦争	世界恐慌が日中戦争の遠因
179	207	同時代	経済危機	世界恐慌とリーマンショックの経済危機の類似性
180	179	因果	世界恐慌	世界恐慌が満州事変を招く
180	181	契機	五・一五事件	満州事変が五・一五事件を招く
180	183	契機	二・二六事件	満州事変が二・二六事件を招く
180	184	因果	日中戦争	満州事変が日中戦争の始まり
180	185	因果	太平洋戦争	満州事変が太平洋戦争の遠因
181	180	因果	満州事変	満州事変が五・一五事件を招く
181	183	契機	二・二六事件	五・一五事件が二・二六事件を誘発
181	184	契機	軍部独走	五・一五事件が日中戦争を促す
181	185	契機	軍国主義	五・一五事件が太平洋戦争へ
182	160	同時代	独裁者	ナチス・ドイツでヒトラーが独裁
182	185	契機	ナチスの侵略	ナチス・ドイツが第二次世界大戦の主因
183	180	因果	満州事変	満州事変が二・二六事件の背景
183	181	因果	五・一五事件	五・一五事件が二・二六事件を誘発
183	184	契機	軍部支配	二・二六事件が日中戦争を促す
183	185	因果	軍国主義確立	二・二六事件が太平洋戦争へ
184	180	因果	満州事変	満州事変が日中戦争の始まり
184	181	因果	五・一五事件	五・一五事件が日中戦争を促す
184	183	因果	二・二六事件	二・二六事件が日中戦争を促す
184	185	因果	太平洋戦争	日中戦争が太平洋戦争へ拡大
184	186	契機	真珠湾攻撃	日中戦争が真珠湾攻撃を招く
185	184	因果	日中戦争	日中戦争が太平洋戦争へ拡大
185	186	因果	真珠湾攻撃	太平洋戦争が真珠湾攻撃で始まる
185	187	同時代	ヨーロッパ戦線	第二次世界大戦でノルマンディー上陸
185	188	因果	ポツダム宣言	太平洋戦争がポツダム宣言で終結
185	189	因果	終戦	太平洋戦争が終戦
185	190	因果	GHQ	太平洋戦争後にGHQ占領
185	191	因果	戦争終結	第二次世界大戦の終結に原爆投下
185	192	因果	戦後体制	第二次世界大戦後に国際連合設立
185	194	因果	戦後対立の始まり	第二次世界大戦の勝利分配で冷戦開始
186	185	因果	太平洋戦争	真珠湾攻撃で太平洋戦争開始
186	188	契機	ポツダム宣言	真珠湾攻撃がポツダム宣言へ
186	189	契機	終戦	真珠湾攻撃が終戦の遠因
186	191	因果	日本の敗戦	真珠湾攻撃後の戦争が原爆投下につながる
187	185	契機	反攻作戦	ノルマンディー上陸で連合国が反撃
187	191	同時代	連合国の勝利	ノルマンディー上陸と原爆投下で連合国勝利
188	185	因果	太平洋戦争	太平洋戦争がポツダム宣言で終結
188	189	因果	終戦	ポツダム宣言受諾で終戦
188	190	因果	GHQ	ポツダム宣言後にGHQ占領
188	193	契機	日本国憲法	ポツダム宣言が日本国憲法を促す
189	185	因果	太平洋戦争	太平洋戦争が終戦
189	190	因果	GHQ	終戦後にGHQ占領
189	193	因果	日本国憲法	終戦後に日本国憲法制定
189	195	契機	サンフランシスコ平和条約	終戦後に独立回復
189	196	契機	高度経済成長	終戦後に高度経済成長
190	189	因果	終戦	終戦後にGHQ占領
190	193	因果	日本国憲法	GHQが日本国憲法を制定
190	195	契機	サンフランシスコ平和条約	GHQ占領後に独立回復
190	196	契機	高度経済成長	GHQの政策が高度経済成長の基盤
191	185	因果	戦争終結	原爆投下で第二次世界大戦終結
191	188	因果	降伏の決断	原爆投下がポツダム宣言受諾の決定的要因
191	189	因果	終戦の引き金	原爆投下が日本の終戦を決定づけた
191	194	契機	核兵器の脅威	原爆投下後に核の脅威が冷戦を激化
192	174	契機	国際連盟の失敗	国際連盟の反省から国際連合設立
192	194	同時代	戦後国際秩序	国際連合設立後すぐに冷戦開始
193	159	対立	大日本帝国憲法	大日本帝国憲法から日本国憲法へ
193	189	因果	終戦	終戦後に日本国憲法制定
193	190	因果	GHQ	GHQが日本国憲法を制定
193	195	契機	独立回復	日本国憲法で独立国家として条約
193	196	契機	高度経済成長	日本国憲法が高度経済成長の基盤
194	185	契機	戦後対立	第二次世界大戦後に冷戦開始
194	190	契機	冷戦構造	冷戦の開始がGHQの占領政策に影響
194	195	外交	西側陣営	冷戦構造下で日本は西側陣営として講和
194	197	因果	冷戦の代理戦争	米ソ冷戦がベトナムで代理戦争化
194	198	同時代	東西分断	冷戦でベルリンの壁が象徴
194	199	契機	核対立の危機	冷戦が最も緊張したキューバ危機
194	200	因果	冷戦終結後の地域紛争	冷戦終結が中東の新たな紛争を生む
194	201	因果	冷戦終結	冷戦の終結とソ連崩壊
195	189	因果	終戦後	終戦後にサンフランシスコ平和条約
195	190	因果	GHQ占領終了	サンフランシスコ平和条約でGHQ占領終了
195	196	因果	高度経済成長	独立回復で高度経済成長
196	149	同時代	殖産興業の延長	殖産興業が高度経済成長の基礎
196	189	因果	終戦後	終戦後に高度経済成長
196	195	因果	独立回復	サンフランシスコ平和条約後に高度経済成長
197	206	同時代	アメリカの軍事介入	ベトナム戦争が米国の対外政策に影響
198	194	同時代	冷戦の象徴	ベルリンの壁が冷戦の象徴
198	201	因果	壁の崩壊	ベルリンの壁崩壊でソ連崩壊へ
199	191	契機	核兵器の脅威	キューバ危機で核戦争の恐怖が現実化
199	194	契機	核戦争の危機	キューバ危機が冷戦を緊張させる
200	206	因果	中東情勢の悪化	湾岸戦争が中東の反米感情を高める
200	208	因果	中東の民主化	湾岸戦争後の中東情勢がアラブの春を促進
201	194	因果	冷戦終結	ソ連崩壊で冷戦終結
201	198	契機	東欧の民主化	ソ連崩壊前にベルリンの壁崩壊
201	202	因果	東欧の混乱	ソ連崩壊が東欧の民族紛争を引き起こす
202	203	因果	ヨーロッパ統合の必要性	ユーゴ紛争がEU統合を促進
203	209	対立	EU統合と離脱	EU統合の進展が離脱運動を生む
204	207	因果	グローバル経済の発展	IT革命が金融グローバル化を加速
205	208	同時代	アジアの政治変動	香港返還とアラブの春の時代背景
206	208	因果	中東の混乱	9.11後の対テロ戦争が中東を不安定化
207	209	因果	経済不安と政治変動	リーマンショックが反EU感情を高める
207	210	同時代	現代の危機管理	リーマンショックとCOVID-19の危機対応の比較
208	210	同時代	現代の社会変動	アラブの春とCOVID-19の社会変動
209	210	同時代	現代の政治変動	BrexitとCOVID-19の時代背景
